HolderAddress;Balance;PendingBalanceUpdate
0x39844158236b98e77205122aafb484749fd6613d;32,657,562.587901927183117414;No
0x6de502458fcc3e7a30fefbf8dd5520936194c9db;11,414,599.130211650713003218;No
0x3fb996ae221b632cddbd1aa72891afb82598f739;9,456,032.286282663562276841;No
0x2394b85ee5d91e8c35df15f707dba1071f7b225e;8,610,130.722710182476905197;No
0x99bcf9dba9c30c5c414ad34441c5fa23f1f812b1;8,402,913.132141136136850991;No
0xd5c6cfca76f66200aa6dfd507b702080f21914e3;7,941,694.76085304782832395;No
0x77f83a1b7d53d9aefcde18916ffb8cea7a6d4cf1;6,967,793.491886888809159995;No
0x5021bc5eaf1829f99aade47852810493aee261fa;6,693,228.617467173595976849;No
0xd29d805a2a179e18d612b06f22ea6b7cd2b20963;6,675,124.061900951456531849;No
0x0a9c069c40294a679ce13055a733232e7c49d0ae;5,558,295.918029303778508984;No
0x89c71ea7e8c886213a736ef580b0b1072d3be071;4,365,581.222363289329179222;No
0x000000000000000000000000000000000000dead;4,265,198.621649623797651175;No
0x64e0f4e72da52474ae00634055ef56b0b8af9c1a;4,002,810.11217441998765153;No
0xc9a23707a18d0283dd6ff0627c7ba0308fa16fb3;3,898,120.722951188165137998;No
0xf502aeeb0cd26b77fa1fc6c8fd3dda759efdc3e5;3,685,683.791706466898590485;No
0x059336341fba2d6121ee7618b9b07b715b3bd9f0;3,668,766.85851946063147424;No
0xa3909718127fe15a31bd295d0de99033ab96d4f6;3,660,781.902891955687917198;No
0x2c293c3393cd63d53a794cde657d51d673b144aa;3,555,130.534759878830902602;No
0x9c22464312ca199f1a8a1e210d60ce647d3ac1bc;3,214,182.662653900677732148;No
0xb2bfece485c5f7586b6137f529e0297e93b7d4ed;2,592,998.424993912844101531;No
0xdf30c1c34ae840aa9499a901d02912056672bd66;2,446,306.597375303158600052;No
0x40d2b52be93c9fe60f660d283e9b04217d5c8d44;2,381,354.687716628706947523;No
0xf823125abe0a1796756c6db41e24c923c6b6a065;2,361,930.151357310435263136;No
0xa02458dd15b2dc8b3c443402fa46c4c0f8c4e5f5;2,294,182.966037573376692441;No
0x6199b83801f8f25249efee36f39d5d9bc25f4316;2,259,288;No
0xbe07d3efd7febcdf3c42bbda147ac33bd736bc93;2,171,971.280041074746696671;No
0x67ad0164dc1c0be38b0b927664edb36848b4809f;2,122,464.133173006471138323;No
0x13eca1e17cb8789919a0d736f3dc3b16018027a7;2,039,054.309399729038752471;No
0x09b0b4e76f5d85765182bbc59b0e35fd12f0c63e;2,001,291.768877718194718001;No
0xdb06b24ae609e9d3fa4aee9a5ff676324ab569d1;1,982,789.042422853468205134;No
0x9e94d15d09829fcb2e5c6b3fd9c3fe33e12481a7;1,964,050.649724724527389743;No
0xe450d4ab48e29a2e66a350047924f5a54d43a4bc;1,963,998.619892396644299661;No
0x0e24aa9788442285b651b78b39a1aa16de421ac0;1,912,495.69432554211039268;No
0xcd881ce644ab7405d61c385df337bc21811d3c31;1,860,054;No
0xfc5193d44f107dd183a7973572eaf05d0caa5806;1,822,985.657498001526024187;No
0xcbe2f5ceb641b5aa51ba8ee620b7e3aa1219b88f;1,715,176.595099760188399877;No
0x557aa8673653ba81aea421b0f7eb753c4519f063;1,699,997.535905363551004347;No
0xe4db8ca41b8d7d03df9d6d598c22b05b259c0201;1,654,147.067929653678846273;No
0xafb1c96e706556af384e0a51e59e3f533414f22b;1,611,406.652484242612666906;No
0x8202f695b73dd2340ec0d952ecc9229fab479393;1,563,181.818449261947218806;No
0xb697207ce71bbb8c516b8edf1183c01745407543;1,555,252.329508796795416603;No
0x5519336cc088dea244141df2e9555b34d29f60ea;1,513,449.025026575748118435;No
0xf91b2601abf205ecb9bf15c3f10790fc73295d9a;1,473,748.422010445109927971;No
0xcee29bc992a1dc16bb81415c06d73b260a1c1219;1,467,600.131363653580504022;No
0x28d87f586ca2e607cf6004a2e98ef821ac455875;1,388,109.774994804105575245;No
0xc0198371b1d9e40a93f51643412c99835244a323;1,363,474.254869234922472929;No
0x39798a6d3197f757fbd2e9371204165f55a77a43;1,363,421.226364337806266537;No
0xb27afc0ae2ee68504624a28356308d34bfd7983c;1,324,332.677067697644695011;No
0xd0489cec3f3d204853321974b90815f684552298;1,297,103.242205601017421115;No
0xbd21edaa2b1519030b93e8e8be6d9e5043773f25;1,221,302.552655028277735099;No
0xaa80d36eb242c5a6594c083946356d16527b4b2a;1,142,746.05948238605666737;No
0x623caa761b0347f86415347b612f1a111371d06e;1,107,386.01993576214602725;No
0xaf78fac90050a716703c89188a23d576045acdad;1,103,234.202578217419167852;No
0xeff6ecdb47ad68303ddfddb5a5babf9416e4bf59;1,067,644.510750634447510415;No
0xa10ad44b44e91f96601ac36e8923502403fe0868;1,061,583.903172770699303579;No
0x9fd0862d22f9b690629dad67687d7bdc627d4a4a;1,024,403.801872002361937507;No
0xec50518323204cc82cfd3dc03e997aa51561622f;1,011,746.431376978259661921;No
0xf9160532a96755b7e08b5a0b78669f9c2fee6c32;1,002,111.044658194463215811;No
0x33af2064be09c34302c4ca8b8529a0e659243016;1,000,001.04208219987268828;No
0xf504222191dd0eca8760d2eaa3aded32065589f6;999,080.144246626831755466;No
0xa2ff9783bc28e3dde8f03c52cfa7a53fa315c323;985,865.458966385717319692;No
0x2910df9b90173e7264b1329de0dc8ef107cf16ae;977,726.970000000000097575;No
0xdc795cb78d814b1ae4a6ecd29c5d84012045ab74;939,726.76521459050758668;No
0x735e3c3a394844c911f0f9cc8281e1f9baea9516;903,842.938598231764795779;No
0xfa7e30ec95f77d4a346e42e472ec6f52961f1152;900,000;No
0xb23cfe2d6b31473a5c9af898f70ec9537752030b;899,418.181670999774986887;No
0x0ff5b3794904fa0d60d70848ac9184faa52ec309;871,226.032811003532153026;No
0x86c05b47889f8e585b0e4b2991eff1a2f6218354;833,002.380313770716496517;No
0xb34207625cdfa2b2c7736b4fa59cdb7dc01fdd51;828,239.755179861437921738;No
0xf137b5167bd9738687dd37751fbb200dc1f27901;824,813.940908761712955188;No
0x85ff7b82fce7e9da266a0282dc0994df1419e9f0;817,717.316995210792393714;No
0xe12758c791878eeebd18e29a71d6a55b0cf49bf7;808,739.922915896690982524;No
0xc762d0c0353597c3a1922aa28bf73e6d301e360c;802,383.144809488944151557;No
0x628b4ea8a23b84a4635b0c8c31f8bfcfa8a8e901;739,910.484204287901983452;No
0x6c594f5a5216f0cbd8913d72ed09b2c94bf822a6;739,782.206886587613293765;No
0x0309131bbb61c9e5f4427b930800cdfe96ae82a4;653,191.712693631938163428;No
0xad91e78611bed8e5073f5143cedbd520640af414;649,336.47060182980617099;No
0xc35fa395cd1cabf43a13d62b5e9a42f24e06a495;615,412.315642927390924732;No
0x5be86c4edfc1e0721ae48de722470511cd728bc3;611,651.794833641047560649;No
0x2c50609f6c02785a8872c8607a7c97455a91fed2;611,002.480928480157949448;No
0x26adfb2bd4a5f275d626542badb0e98071e78aa9;584,440.764154864839345291;No
0x78ad9bf791412cfcdb8164db0a7689a31f0bd8c0;580,191.543684619158448082;No
0x0e3ac67a4a4f32020ecdcd6a00ee654a1df6fc0d;564,043;No
0xa41cef404a2bcf281a72edbb444d244fc73c2e5a;508,271.733217882533695437;No
0x6f8b5e581c0c611cc64cdf7ae8096928bb768c8f;506,041.118589277323636528;No
0x0e375ef7e468325caef0bd5894e9d47254dc65dc;503,671.138787609588589671;No
0xc9dfa7f42ac258d96eae4f220dafd53b0211d791;488,435.005954233202973478;No
0x47d583521cf51e6ec097ec8df19491d76e9f09ab;487,849.519025428920133968;No
0x6f8ef30f33fe06ec80fc0454d484e12eb14c4693;486,226.65434164814869856;No
0x7c5f9ec8c543fdd64ec3c5ccd8e5514b40f3efae;480,296.922437385287408937;No
0xbcbb5b09d1688f5796eba23952b563f0ae6be0a8;425,415.110000000000563863;No
0xb2eaf60b6bb29881b35f7402452025ea26db5e71;415,866.330690886561243925;No
0x6a16c266ac17296d812a72c08a1289558674b8ea;406,724.085244272174283997;No
0x8b400613448a4d2bf885c7fa1850accd05415749;389,461.895257265828194603;No
0x73963209864633982fe2ccde1d29f65a53659df3;388,338.665872251100771486;No
0x8e2bf8b8c2ea5fa97fa247c560d24d15967a9074;367,970.991166731334252754;No
0x147f29be8296972fbf50b9ae0d534ff6a43739e3;367,499.379942375726223522;No
0xcd8b22df912e3c7fcb540d325f3d7f969ed44aa5;363,511.850062566369204571;No
0xe962d32cc06a85a638a13db8ab58fc5c445f8d3c;362,159.361439170128567397;No
0xa25da8e4222f72ec47f77a91da72bc40fe86d4af;362,103.81174075960155719;No
0xa0cd942f3a942fbe15d721454a7e4c1a5f2daf61;355,622.990845019626854067;No
0x60f44ecd271d01e7183674a41b7a4db15ea4fde3;353,939.39656197150196748;No
0x75f02013f960ea396ba4e5d8aa7fc5bb98592da8;350,623.849823646730201883;No
0xf6c050d39dea4371527670c8da16a9191fd3a919;348,950.68411667119626039;No
0x4eb12931f14c4f9e2cde9f54917dc95b6b87e554;338,336.998351616593179788;No
0x5f0f716e2c13b1a98506af8a02aac10b40a3d7b4;336,940.000000000000821418;No
0x4028c09a08cff3c6ea5337a95f5025505c3af573;329,582.742133754951399821;No
0xf9fc2a5660f59593939dcaef8b4a6e160f49455e;307,143.927152520676191308;No
0xffb575a185c7e8c650ecd558415a22cf05779ac2;292,927.430217683566410623;No
0xac55e5ada8b16800c0eb57b753612384a066eaa2;292,131.557071712043420409;No
0xc1fcb556f9e9d6eb2ca8056baac63d0c401a5e1e;289,974.377048686672965591;No
0x4a2caee4038a0fca96517743fe48c0d1ed9a507b;286,978.579478310951021817;No
0x28631760fbd01a157840cc0c99ce8c44504f2acc;281,998.692863444549007557;No
0xc956b8160b36a780b30f581fed4a770b6956adc8;280,911.222259732975081733;No
0x795a221dd93fa51a6c4a6dd5545452a3ce083a84;276,029.277860801474095321;No
0xedc1a6c76f09419a77dc595cd96eb4dc8427b734;273,052.94096748275416148;No
0x91177f3cbfb33f5369a670016f2b1d30b6db9bd3;270,929.794806290085117351;No
0xa83fba246707b1335c3729208b9291d372494af7;266,464.304114033280929754;No
0x89ce51f36c048a3cfdea93a33a2370a3f24c2a33;256,481.78215115444396148;No
0xa716edd56f15c75a02897edf9ea7f79c9363f9f4;254,468.689713341080969538;No
0x8878f2d0419e72d3f8b9e864385bdc0efe768625;243,079.511721997136719486;No
0x0ff6989bea4ebfaac84a6538a1a29a9f15d6ab5c;226,047.198455605410279697;No
0xc3781e101b896a126a6c18f666bce8746a130187;224,302.383738738522416272;No
0xea125900ca250e265a4bb8d1e0ee8c9893096271;221,001.204950016878097491;No
0xa35846f7e291c6d7785030bc934db8de856ef0e1;218,092.889389598865731682;No
0x43b6d12d0b9370789d8750d4cbd39ee4822e7e58;218,053.38167840554373326;No
0xe76788d6388e9835b784d68903a18bb0761073c4;216,451.876734364822303186;No
0x11297e8be964e03e1e9708311b3021e30ebbc729;213,216.732269422553506556;No
0x9dc83819c0b35a91633e545484aba8274adcdc61;211,397.799482293216028942;No
0x0707d4137bce046a7036c65eccc86b422caf4a5f;206,393.15835879675583797;No
0x5c3c5d46e37a9826303b9088a49eba91b8026bd2;206,035.445841527477392646;No
0x57b126efce09ec6b6383bcb2f6c71d1fad9fa60c;200,538;No
0x7c0e1e697037b31347a7c4f95e46ab492ba9ea3f;197,948.555490112885046969;No
0x42156a1719db6bce204e9ff830c05d887dac65e2;194,690.321178796119609144;No
0xfc9e06234848ffa1f1ffdd8e8fcfeb42f82032fc;190,258.911327945167113724;No
0xc8b29e95f8966a584dc05bfe04ae50d5aaa97a49;188,510.962064790088508679;No
0x59c827b4df7a5ef4a266a841a080659e160c6121;175,935.2445;No
0x056df266de33ca6828fa11807f0ce456bed87f6d;175,903;No
0x966dc30c93bfc15f0dd2c0740a42bab2746ed97d;174,376.793749175781265549;No
0x4b2d9f68cafab06714ee283b9579c4196a506441;167,905.318809928983928706;No
0x140a83e5b003d70527bdedebdf430d2aa329eb9a;166,725;No
0x8a8b8edd9cede9332491cf5fc8a8506f813de8d9;166,179;No
0x69fbd00057f572f8555b728e85d45d0ec47c82ba;158,882.044194121370841123;No
0x219b951b8eaa064af6b34653c5b4d5ef3373bb62;154,734.893357553820603736;No
0xe46d94915fbc4fe0e88b038fea7a8e198e0b7936;154,440;No
0x855e801661d110b6b17de333a1db963952b15e49;150,775.4785558516139379;No
0x19f9679d487b5d3a37c27efd526dec0183ae98ba;150,653.0562;No
0xcb0ca52fe938fb603c802425e5484858212cff93;145,987.9367;No
0x3dd78ca14b76c918152db7e68871df3c3a9139af;139,749.219086068054526675;No
0x64777041055fff83e4e3883706b651554b9e10dc;137,467.647650691912290058;No
0x485adc6416a978b106fbb90dd37aaed18db12792;135,143.816010072421733873;No
0x2f4beefd9ee060d857920ee631f3778c3e446c95;131,551.738490661871082192;No
0x5526e0b89a4923e29e3845514f70fbbfd44ed32a;130,654.090139478392233749;No
0x9d2c2e5618eb63e8bce3562ed0918689bd7cf150;126,268.598179555517486152;No
0x35a318871ad5f20393048125faf8a431623e990e;126,196.133998214070659059;No
0x29a12d329ba1b511e74d0096a76dce0eb76174da;125,027.827987330388874223;No
0x80cd22ea15aadcb3eba495bdff2b7df67c2cd3dc;122,341.445312743162950969;No
0xc72c953175401b3d86a08a02346295878a252257;118,370.95369551732022599;No
0x48402341d56a3adcbe328ee09f3d2721d0c181ee;117,634.830123445124884086;No
0x434ceab39cb1a87f6133c0db050461ddc558957f;117,110.093349709836537003;No
0x5b2815b249bcc46417e2f5d33880d96d45899a98;114,487.136711880974417509;No
0x7e57962d7f50d3a0f73af68197d0b84494caad3e;112,342.660925929233526445;No
0xc2b559d7d86a86dc4ea6837c8bfc962d5517dcd1;111,124.403324268384506454;No
0x4e2148ae8d2f2a7a610a6838454e5291a2cda8e0;107,086.339092930418148561;No
0x925bd727927e0e5692bd72ecc4823b0853ff3bba;105,486.758769103724364979;No
0xd7468b5b82cb002d7b365ae0052dd5082dab3459;102,580.996800333381761251;No
0x66226d0a68964ed042e1ca989fcf43e1a5787c84;102,172.07;No
0x8920cee4dd7ab0f681f6dbf93c840f7da7389171;101,830.210641669658473895;No
0xa5ac848baa7f93ed21eba78c962a5178c7d3c593;101,267.417379251797075009;No
0xb6ab9f3a5957696c65efdd16df1481d20ecf899a;100,000.827176159237777987;No
0xf4c997ad1710d6ac3bc77aeebeda2fcc81c6d980;100,000;No
0xd7cd13b0b56bcc8d2c70177d9cf0c47d0216bda2;99,184.983129170243526102;No
0x82c1a9580ebe9397f634064be3de798aaf71ae96;98,431;No
0x5ddb2b765444958cb8b7cda3517042abce4a7d8d;98,033.81424820431737114;No
0xc9e411250db72c674dbc0656a2f2eb71ec2f0932;97,170.425798498002368395;No
0x08d242461e65f8b803c329a48cf2f24762fb809f;90,537.848143372796130962;No
0xd559fe165b4fed11611927efca7eb944f8fdede7;90,070;No
0x015de7bd20c68e7dd7b8014bff3a4740eadee787;89,085.000000000000267202;No
0xa9c673c354cc542a04a38c0e470066ef2a3d2959;84,805.649131034421271734;No
0x385840b61686b0e54d9a1ee2692174e77ad46616;84,667.583;No
0x62be33d951edb07b7390373ac7dd6fbdd9857d67;84,556.653379187365226361;No
0x77d9d78eb0f5a5e215f575372cf69b1175439e42;84,255.488662402734604509;No
0x1a262f4b52a96fcb077ded71829a05a1b85b5a34;82,278.905403898943105408;No
0x8ace468159c1524319d853f10bc0927fe0a3bb03;78,558.744199827668497374;No
0x69e4b5a71cfad894007550620eb8aac677417196;77,978.936596868302057857;No
0x84ab52e15cf1968ba15988e4c08357c6fa44a41f;76,293.217;No
0x94081080e3eb8cca2d775a01a96dda0a5c9ea9eb;75,398;No
0x4256b83c8db4b9ead9b0369b01e331b54ff646f1;73,818.098026925138278442;No
0x73b736b16658b7dfd125e601c104819229c46a78;70,223.683962061479770647;No
0x19d41b80451791646f517e00c08e70b1d4528bc6;64,920.577734297087093937;No
0xd94ee4115ddd786a43cad0214a8e77dc8ccd3925;64,909.064054923581648805;No
0x3587fe9d4a86883e57e3f58569e885fff3dfed21;63,896.855517155940855919;No
0xb191c239b7158323cbb95082165e0943ce5fecf3;63,827.983;No
0x9350fa40a477b19ee0c5717168d70837ae4bc0a8;63,025;No
0x505224e578720dc04f3ae1053d6620801a19e8ff;62,978.64163127654324692;No
0xd50c2599ac81de60992c1475ffb3c955663e99c2;62,329.463144216753767941;No
0x818f8319d05d1fe6e38cfaefb93c753b8ee757c8;61,698.534376042011783366;No
0x3e50515efe9eb5bc37f83308c7368561d200cab1;60,150.29143811352990027;No
0x3145cd58d0e1baf227fb813fbdd7b4d7b3cd3262;57,830.931904182653572615;No
0x5bff7bdd26e96dcbfee4a2fde99d18b02886c37d;56,333.77946421074660078;No
0x82050bca718b3d83d0801ff23f6b282367e6ffb6;56,260.439699060489493771;No
0x890b88f7ef2a40f58dee284c7407021bfc6804fa;56,165.724313652528710582;No
0x495d57229f03744b1bcc18b861bfbae7424d0a13;56,137.388235833332465032;No
0x364aaf907b2005509f6eb1a6ea2e0f0e6f348ddf;54,615.470811615625899615;No
0x86d492327894eb9be645fdcafef99ec6996bb99b;52,961.7956;No
0x5d87a9763419b287bc0640e59f90dfed568b9d3f;52,517.922065805562591553;No
0xef30355101759746da98168d9c3b29f58c914efc;50,900.87494163350632212;No
0xd873f98d374a9afaf8d801423209b39ae8de5037;50,745.8455;No
0xe156e878a6cfd16387b546eab0be46f6261c3e7e;50,726.8;No
0x2b29cb3dd3bdbe4c38f6480931dafe57e762e7f5;50,507.226588896362792639;No
0xa289de592032e2be9797fa4b5964c5046323675a;50,112.968469961681777055;No
0xf7f2287158899dc1b1e4aee9e55edb254990fad5;50,000;No
0xa443922d24b9071f666cf7f2e25ed1e640778348;50,000;No
0xe33da4b2d633f0b47a91b92a6645b5d02bf44f6d;50,000;No
0x84b19d85c78e45a9926477c91aa4b72d78b0a0f9;50,000;No
0x1165539fbd1fae8af8f615b11e1d0f6786ba633c;49,045.45872385308751668;No
0x28d698359ef0c4902197f8a5d980920a99eacb94;47,554.00444631646137928;No
0x8c1c21ee458010a94e5a3e1931b252b8a4c1dbf8;46,675.201116239902159825;No
0xedbd584c8c16f2d6ab9883166aaa7bcfb6a953c4;46,640.926620350049779751;No
0xb1c80041a682ca2e3b100c0031d0d20e34ab0e98;45,500;No
0x872eda02b9260070ddd9f6e5002e39e8945043e8;44,829.624143995763464738;No
0xe50050583e27d93024b1aa6d6a08ddc7691f87ee;43,515;No
0xd11c264ba8cfff7fb8c6ea59036422f53c1a8767;40,000;No
0xcc69f7ba97d8ca0619c73d7a7fb1d58279f54e46;35,742.63846540876818254;No
0x40c8a5272726ee660e8ccc6cf41deb9ce4b2c4b9;35,003.877278685092683588;No
0x55454b2c6dae33a54441015aca92a94f7f5bbedb;34,606.803220810290038999;No
0x02e5e3482e3bb1e0132bbbf0c0d3ff595a88a811;33,000;No
0x88cf0d4184e51a0453cbeda97b709eca56aa6af6;32,598;No
0x4684e9c110a77010eb789ebf1a701fc3e9e1f9c1;31,953.961887915724261144;No
0xabe476a778ca3035c6db63d533948124b45f3d78;30,815.695364342819497013;No
0x18f5a18500b7ad1fbb11d15aa4493a814c1eb7de;29,344;No
0x600cc27f2e4c7c09f36c905a3d211a0f407d1d1a;28,153.646587303480719967;No
0x290d8ef429f8e6891e7fa669c40700092b9e487f;27,300;No
0x29ab0591bc44e3ba28acba281a33480feaa1609e;26,756.632035706797836121;No
0x2ef3b5691a36ec308768c6c1d67fc171defc9936;25,775;No
0x129ac692cda5bf0252369e64e605abf073678ee5;24,997;No
0x100d4ae69efd20ac05103d7b0d2ea164d0018bff;24,471.050632119236237229;No
0x6b441e781712d8ff0d59471503ec25c6bcdfe576;24,239;No
0x70ec1dcd39cbbb65a979ee0521f9432f41356405;23,918.082936119937148259;No
0x88057adb788b601c5b7dadb07e5365f278a8cfef;23,627.650585733556280869;No
0x202e6604bacc62de5ad7651ae801f0d79d70d3c7;23,380;No
0xc9f85084178f181e4a89c046e165fbf65b86ed59;22,894.3957748794052247;No
0x73a64e06e992281affee53c89dc7397c2faf1922;22,395;No
0xfff6a8cd6183210832e23dc4ae1f38273629a68d;22,331.4;No
0xb4711cbc3da16074b9ff0ca2df8326c09a4e1436;22,291;No
0x5f01b2078d76fe09eb3085d4646a2e57b324db4a;22,083;No
0x4883f1d25757d233bd7e547d7fd35e310a0b283b;22,000.135185600147541954;No
0x943403f58f1402df0345b36a8359fc0885137215;21,982.137403884592862422;No
0xd803b36b21a0cdf12f0e621776d4123a219f4a36;21,932;No
0x811ce2560a8a870b3378e9d5ac71af53bd59bf00;21,561.6046;No
0xade52aa3e586f28c1f5913a641164346a3731a2d;20,020.000000000001172954;No
0x33f82e6624dcf1424e111079d83ac7d15fe27e91;19,100.9;No
0xaf04302715e6384ab281b60903ce2ae4c9322bef;18,813.133964489798342975;No
0x47eecf42ada0e14a3412b03f037554c991e8205d;18,685.186324372994121259;No
0x8064b9a6a24002feeeccf0c3fdbd54942a1353b5;18,655;No
0xda555aa91ee9c9cac96fa734c96960da937a1a7f;18,575.280836695647547011;No
0x0f41523cf025f390becb11e2b92bff3af36cfb8c;18,544;No
0x42aa8cfbf954d766059710b56f69dd6d8c8a35dd;18,105.320367432460967406;No
0xeca0524836f5c08c4e13ead71f6efcd1a9eacb81;17,572.128207381083323498;No
0xcc9493cde05672866015157ccdd1651bafe553f3;17,511;No
0xac2b5c9b4d75b327c8b6be0ba0fc5c9eb9b47264;16,915;No
0xd2ee88a380fa54f71b26599012dfbd06c3391853;16,815.698371636265580528;No
0x7851b2cfbec3ae1dc0e9bf0f2ab4939a06014389;16,716.051135061114579673;No
0x6eca4b7704a30b140c0ea800fb42f43583a54836;16,321.619015485345646199;No
0x74fa1019ef0c9aaebcee783d2ac9a7bb34fc43cb;15,757.196;No
0x32e3dbe7c0b62084e052f1212499b45afd6ec905;15,402.501267240409395844;No
0x98f64183e91a760738d050b51980486a9cc6df5a;15,126.621566893506116948;No
0x1303cc0e8d697a2372597f3c17c74a9a2633f7e6;15,039.750506499793669681;No
0xf11bf45d98f29555eaeaab2cee528ba46c344c28;15,000;No
0x6c050ebbd9444117c63e3e4d173092b77eb35597;14,450;No
0x82691954bda72432191f826916a4d39e518d3f89;14,142;No
0x3ed265a19f3a24d187577b7f4c1001c27f1c4b76;13,963.765344671317181914;No
0x808aa21c4795f6714af4195ea4e1a7fd1d8f84c5;13,785.375261561226962544;No
0x7f9d57cbe4b47b2936d0b35430d2678600d5b227;13,770;No
0x665f7a2a9ba4b33f6c5f1041d9ce2994a9ad57c3;13,617.18143026950997604;No
0x4309f38fd9be68cbb078f31b17b671611427b76e;13,351.018857640685391699;No
0x020e80fc0d259a14527e8353d8fbbf5ce6c6f2b1;13,291;No
0xc2943262d3cdce0a116c4593db6f11e1c529e5de;12,900;No
0x9465fb5d4370dbcd2813c1f2ede2f6cdbd463f80;12,100;No
0x8abded21a54656c238eeb18927405b59d737374e;11,842;No
0x4b9bde51fc7fb11eb1f7db15a492616a15aae03f;11,756.993232509529332523;No
0x48378cacd042c35382a05bf5a07be29433896a26;11,335.966521395580868705;No
0x0e978c185f3f0219189cd2667c8189455efb28c3;11,104.73;No
0x6bbda4d495a650fc0a72332ec563886c5655e3e5;10,999.049707322385950114;No
0x6ae83148f4b681362f011f296daebe659d8746c3;10,780;No
0x7a45d24affe81e98a03ee68d10cb2dc1f857676b;10,669.246260676946589233;No
0x4014e24771973e37b0c31bee8b5c8660f08d99f8;10,661.56;No
0x388b8f8c8ed09356ec0b4adbb85c279c6ea47b2a;10,530;No
0xf711d591c7be9d141fb1e0f175a5d3a4a05d9145;10,494.354450759975839358;No
0x998ac9fa026a1f0b4cd817b6ae398a3c97190f86;10,230.871181901636040819;No
0x46729e48ad5de641ff7fe4d2cef1e156d132fa58;10,045.333241296919793714;No
0x0ecc16d3fa38e1a59c10e44cda4e2e9d9941275a;10,000;No
0xd992662145ccf366decab6a7beac5a6788f5ba06;9,715.809406073842925734;No
0x6dfd5c00643fc92406b2f9175edbd9cfe80ec642;9,457.28998499694070553;No
0x6178897874031d7bd5d261dbf23972768eeccdd7;9,196.269970808105285496;No
0xae25496dc37c4112f4783d5048191c4149c549e0;8,878.68191187083010056;No
0x13cadd820c6eb9e2dd915af570fd15b270c6b450;8,872.794648746331348582;No
0x57890995d70e9cbe0d0f7b7394f63ca1d517131c;8,632.225352180838043461;No
0x00b6917e43d1ecd30d2e3f5ad592c198fc65cd04;8,559.0784759414281567;No
0x67a6f3bf2d59555a3915209f4745ac8a6073418d;8,442.514878260220812706;No
0xdfd437562298f0ee47bc989e8a30e1d186632618;8,349.689664270824315983;No
0x2844f636858cad97968160407faa391d27aa0345;8,070.5534;No
0xb3dd2cda615abf5b5b46307f0423729c1ef79bcb;8,043.813776554754168709;No
0xfe50ae90bf645d1e666fb2024098b109a1bc4782;7,524.069332430319712227;No
0xc74034e42063c588971213ff7872ac9e8dad969e;7,107;No
0x2526e0181c74d25c94811e848bc655132c437cfb;7,023.483745397195740045;No
0xdd1cbe8cf4ec3592d7ac1eb0815d9bf47ac7992e;6,950.401290324285035838;No
0xf3779fdd531c5252619c9e27ed14d14ba27f2534;6,910;No
0xbb764280e4e7963bf3d6f7ed3b6e825d7822c6a1;6,370;No
0x21697b804804e6adad3737d03fa081e730c7cb9e;6,287.26741418078906005;No
0x762022af1310a1b51bea80d0af26428c3c9e9dd4;6,189;No
0x913bf4e0c4900c1a8dc30cc419a07efe842de9af;5,948.143649326688562735;No
0x38068a966c85a95cd8f14c81560b5253c709a89a;5,860.963808334194693043;No
0xf4183a50068ce33c2ad914b7e921525100ab9af4;5,748.79278201639042693;No
0x5604b41618f37a6f2ca526ffd15846dbc2a001cd;5,689.769216234734360134;No
0xe272e9743756d03de61554586db0e6f9f4a0d521;5,588.465921247096039565;No
0xf9c868b56bf6d6ff5e126546529516fd323ca594;5,423.547207438705890167;No
0x29fe3fc45459bad27a4091b02c800a897005e720;5,039.858647701012985359;No
0xdf66fb099b91d71310a55b534ea267052e663eee;4,978.137134187507855939;No
0x1a0ad8b434c11ca1637cdff140f21edcb1ba10b5;4,884.267371299520737715;No
0x7c088513c9c157b4ad343b2621084772fa7e06b1;4,750;No
0x38eb0f9229c7ca5b575c890b8486b59948e2acad;4,724.82101;No
0xa26b2df16a1909e8e89985acfd12d12f7451ccb4;4,704.7;No
0x4791e4d0c7741e8836963aa1cda7303f5475fc47;4,534.0110133832938251;No
0xba1ca49d6562811b0ff7f777671d508209555403;4,530;No
0xd7852f7dab234e220500354820b2e078c581d7d7;4,505.006524359981943281;No
0xabc96dfdd276c7e6602a76e2a0f1b855ae9a45af;4,457;No
0x4a7e1bb325f5d34ca128e858ba8030d6934b46d0;4,447.559819780641047052;No
0xb0c453ec41c11dc42a63a4c37f079d8744a0d2e9;4,434.777307872359801538;No
0x1a8462ee69aa0d746184c201bebd57d25a7881f6;4,265.696743095594153954;No
0x1efd8ae5c91e28e58e4310f16430831f22e9169f;3,879.442408305149138999;No
0x18fe59f688ed60caa1b3a8a06ab91305ec0cadab;3,857.845828882705875692;No
0x05fa7a2b9111af19cf899c41ac353c5fc2062a9f;3,810;No
0x83c8af4f53b8361efc1501c9b851a4f9a1ff05df;3,754.337837102181695566;No
0xa6364afb914792fe81e0810d5f471be172079f7b;3,725.543395219065208699;No
0x6878fa9e108c211b4f99fc7355c47758f0533926;3,688.502205128612019372;No
0x9878fd1fc944a83ca168a6293c51b34f8eb0edad;3,502.391561035389784323;No
0x1d4ee88cdcf8ce353a77ca5ad9e76d00cc3c2498;3,421.972557731668364014;No
0xa5cc43a4a9f38061a82936d8f4dc34a249d52e7d;3,370.460380005805587805;No
0xcb8188f3ae48277247e366ff472d2e244c012620;3,330.283918730577252952;No
0xdb1ea61ed760a51075466ec3094b21017ed3f1c1;3,329;No
0x4949e4f84d88ff23da0f3051bcfee3fa661877a5;3,284.679819014922697679;No
0x078fea4832a2871bd5f7a1d1d1ff6ed092392231;3,214.704734812453316665;No
0x8ac70ed9938333faaf90a0c17575df3493ba530a;3,153.60560180081022272;No
0x755548aa4cd4f929769b953f09f1125601d1cdfe;2,984.020983497691899109;No
0xac650d1c1187be2c703d348bafd17c6a92c9299b;2,956.843343045215667172;No
0x5d9e53fb5755abbcd26e7f268bda954ed94b273f;2,946;No
0xae77a3cb267ddbe08be25dcb03a4f69c0e4bbb35;2,821;No
0x5750111866177c3a64d88291498871285fe260f3;2,676.31;No
0x07fb6fecc5f5cb6c768e61870942be166435eb7f;2,647.191344701812454704;No
0x7c711d7e4b859b3783689ac040aec44c2e2c8099;2,624;No
0x8415129d1a93b2be637ebb536a82ebf811e8e238;2,602;No
0xb593bf0ede92c7e1df43a9cc3063d01567a920b3;2,566;No
0x9b934e09139b87b8d48585871d8240748e1f7636;2,520.6181;No
0xa46dcebc65d91977fef3a42a295415a37e927fa5;2,406.196912847383690155;No
0xc66051c5ae0278eab3f88bbf7e4c8a2a8fbf0003;2,373;No
0x477595f8164f7fe0a1d08b780f8372559f2eeff6;2,307.473107150584671966;No
0x6b6380e8ffe7c23b62654880aff2663bc66c1d93;2,163.240283012848346794;No
0xfc8e69bfd3cc3572ffae825ce92ef4b65766acb3;2,150;No
0x28778ac6f674e89de5403d1fbedcd7a638638b4b;2,107.220274681158106255;No
0xcb110b303ce4d6000a70889f6eb215bbcf4c2517;2,093.460160140018514201;No
0x2704c291bf6addaf0aed37f8e7ea0553ecf6e496;2,046.82312093938967789;No
0x2fee193160d65e83b9fd02768023332afc707b3a;2,036.93092768287119593;No
0x345fc905f8b045b5bc747678b3c8937a444ecfb2;1,968.545483870065351062;No
0xb9802634019d791c7160022d706176099003b0ec;1,959.036588789496997014;No
0xf5760e9a409cc78ce76309b949b922f669e4c880;1,844.19938711936201817;No
0x1f3809cb9c8e7a3ccce628eb08d760ae5c9f0175;1,833.623897623306011141;No
0x78133b0d8735c68b4cd457644d6d341326a753b0;1,733.116150083437985974;No
0xd2ac50345959e4a512f6bb7775202817f1c9db90;1,685;No
0xa08af69a615ac9319891c704b3898808228bf7f8;1,600;No
0x54cdd1e4015d4af8c2affa054ccd0e0ee8c5c29a;1,599.930306983516185103;No
0xc5fc6501fa5fdfb0a26cbff2f110b8a62cf579f3;1,533.919069401959535404;No
0xd290aa29d75b41e7aafc41f23c10fca014a7211d;1,461.665765049300753642;No
0x39af43ef979cac9da13179dc82b840ac59abb778;1,456;No
0xea3257fbbac45f56d4ad67867ef3bea7da5c9b85;1,452.24696804769735204;No
0xe30ecd80b93bf1db4299ad958da38fe2033c9a52;1,450.974538647395539921;No
0x9b777d81969dd2818b56620be16cc1e86ef87f9a;1,404;No
0xe68355e060f3d1ed093839ee939c262392e3e349;1,319.475312153803914365;No
0x2efea75baf66bec84b0bc8538cd2238a150401d2;1,286.27287914841609175;No
0xd801bba5d7e237ae0a66cb632c80cd2cabbf4af6;1,235;No
0xa603d1759a8f311b07da405c3788613141f73e88;1,231.323643843006658771;No
0x97c6eb19030b0d0d15b48865eb3558672f17b9ed;1,187.55;No
0x0b10a2b1f2df5a7a7689e3c5a3378c88f8f35f6f;1,183;No
0x3230302e9dc62e436ffdacdea11f7a150f782e0a;1,175.962657665911044921;No
0x42d3555ae236c33ec1ce2f89a3664eacfe4e9888;1,173.780978144578655691;No
0x332bfd005fd2ca1b64baa1780ca59df74be71703;1,171.071658713560762159;No
0x59052c1384608c0f4c0e12363c8b473f4f42c073;1,160.891785393609068619;No
0xd0133826dab21cdfd56ed010f1bcc7d78c76e3ac;1,141.489939993064667852;No
0x9800c760a847642bcf04eab8cf2a6e75cfbcb50c;1,088.401830933997965047;No
0x6525ba60f4aefe9184e06766c980cc43f313ee8b;1,083.861177080271325666;No
0x87f3387f02df7c54cdefd0148b310d2717d41bb4;1,081.836134923410072424;No
0x17806ff21c1f93303bff263c54dccc69468ee75f;1,079.26;No
0xa8dc21cee0f4fd600915c45bff0f895623d99c54;1,015.0777;No
0xe74e3c9012a73b4a2773cff7bcad67bd1ac33881;1,000;No
0x916fdfcbad3f0fa6709f6e0c2aa6145f59ba8e3a;1,000;No
0x40abcacb1b5046e45feb42f68d839c7fcccf3fa1;1,000;No
0x06bf94bdb88e7f7c7c1b3a6f2215a3c67bd30b95;1,000;No
0xf35a6bd6e0459a4b53a27862c51a2a7292b383d1;1,000;No
0xb428523cdda53640a62e9f26c2d8613a9159b282;1,000;No
0xadc233958c9e8e5d3ca62110a9f2c5141c354cc2;1,000;No
0xf8ba3ec49212ca45325a2335a8ab1279770df6c0;1,000;No
0x85cf05f35b6d542ac1d777d3f8cfde57578696fc;1,000;No
0x37e88775a9868dba9d4d3228a7845db14e53a204;1,000;No
0x4208a71f19f49e6d5f9db65e87d03343586137d2;1,000;No
0x9508c1234ccc6913ceadebdd7776d3bd71d0b829;1,000;No
0xc3dc3d4afac2b81f5887ec894d11b35a611af9ae;1,000;No
0x80ae46df20272c783d2c365cef30a73f619b0844;1,000;No
0x99dc01154ab3d1efc89a47107535475162aa3425;1,000;No
0x4f2d72af2198108286f857e64f8aa2eed0056d69;1,000;No
0xb82ebf21085fb979c86af4e0a2ce998cff0891e8;1,000;No
0x54bc2f1ac0080c0d5c2a79a1e95d48b7b7b1fcee;1,000;No
0xadcf6e49e999227ab909fbbeedd81115f5fb53c3;1,000;No
0x410aa0b164db233eb40e857d34a9f581d3f7019c;1,000;No
0x46533f26eb4080e2050e3f8a3014aedf7b5fdb12;1,000;No
0xeb25df7c79a85640c4420680461dcdfd91f0dfad;1,000;No
0x63148c467d43dc821f688721eeee74c6dfd0e65f;1,000;No
0xbf957e1c121fa769580d29bf320ee8bff138ad12;1,000;No
0x11923d873e2030d45ace9cfc63b12257205ee609;1,000;No
0x2b11d6a46dcd21d34857e09ed83a7e9cf81c0959;1,000;No
0x872a67af2f531a408e5a632011cf1eae3801e9d2;1,000;No
0x892e9e24aea3f27f4c6e9360e312cce93cc98ebe;1,000;No
0xa9660f3cf31e5109069053d93d762fa23eab1025;1,000;No
0x4bda629a6987fbe56120e8e9d3b49dfa6d5711ad;1,000;No
0x57a8edeb2c1f3e84eed5ccfe71e839b71f6b72e3;1,000;No
0xe1491c006dc4af4181611a2d5dc41ad6c5b6d82c;1,000;No
0x9239df3e9996c776d539eb9f01a8ae8e7957b3c3;1,000;No
0xa8be22b028d24d2549d777bc3162645549b3d2c9;1,000;No
0xebe6670ef2c830c104bae87675993b16b343d7ee;1,000;No
0x4cb440a92e8ac308d44c0c9799342dbce1dc1d13;1,000;No
0x841bacdb615648e48cb4a2e949ea06dd7dc11d02;1,000;No
0x1c4b70a3968436b9a0a9cf5205c787eb81bb558c;1,000;No
0xcecf0d8a85966edd138e99e562cf4fccc514522f;1,000;No
0xc513e29362788fdfff594e2ba05ec9105408c90e;1,000;No
0x4117e749fe3928c5ae39b38d401065f5e1861aae;1,000;No
0x915dc86f97f66515ae9de796f51749e57c847368;1,000;No
0x1ac068c1a837136873baf76de00a21481552f971;1,000;No
0x4a95b0f2aef201102920aba1c3e96d2dffab9725;1,000;No
0x8368db0d4aeb78051dbe37fae1326d72cd6360fd;1,000;No
0x523f63632d9ed08f1e892b7965e62e6439420311;1,000;No
0x48e4aaf7757dd91fc0c401663c5acfb46084a339;1,000;No
0x803cff9ca391d64271a8395aedc4b097ef35ab73;1,000;No
0xba4a1de7f579f2d4fc6ba21a782556e4bd9c4ece;1,000;No
0xf869d069bbfde00d1a34cd3824320924ed8369ad;1,000;No
0x2f37dbbd2cd72de5db23c7659f1bcbf67fd88245;1,000;No
0x08324735fbba4ec66bd27866c0770187ce304ce4;1,000;No
0xab50c998f2d25d62505e6325cf9ff6ec755a821b;1,000;No
0xf3685ef3a8d1be5b3910e233aa583d3730349457;1,000;No
0xc0405b1928c96907b805092898d2d735b68ea394;1,000;No
0x7e6e85024165e340fb65476345ac6622411bc68e;1,000;No
0x857fc0391eab8980256926b6c6741f85749427da;1,000;No
0xe369cdd26ae2f681b42cf109cd049c09167bcfb9;1,000;No
0xefca4cb4674844864f55d10f92ecd98cafa5f393;1,000;No
0x61fa0173fabc55f9f813d0f90494891afbb9d052;1,000;No
0xa5ef4f0cd22c8dbbe02b0b6eab431c4c590efc1a;1,000;No
0x7165e08b14ccccc75732cf220e3aba18dcea5ed6;1,000;No
0xdb4334209971fd570be364c518490450665ce327;1,000;No
0x25ea4c2bcb5ad84ccd8be287aa6be5c8bb3a98da;1,000;No
0x8ff935a24a170a3e0fb8d251bdfcaa4bda23c549;1,000;No
0x96c6572bf8f8e0d1aa123bc51b225453339bd804;1,000;No
0x33f82dd8da44316fc86976791a414333a264311c;1,000;No
0xdee411f45b88bbf63acdaa5348f4f4ad587e4edd;1,000;No
0x2ac45252bb5b7de7ff92573091ec7a77b02da41b;1,000;No
0x205cfc5e3602c7b04aacc4e61254500bfc530520;1,000;No
0xa088cd08dacbb573d56c7cfb420ee9129f5de7d7;1,000;No
0x9365851e1adf645cbba1a817a433f72dda847139;1,000;No
0x7af419a7de66197707402439652c3eaa1352c908;1,000;No
0x2c7981c16d97e9f099a590c188e892c863682f19;1,000;No
0x2bf4120c1f3997b8c56678cc804e1c88ab012131;1,000;No
0x29b254777956593a68e2fc5a3e3aa1cc9584b161;1,000;No
0x8a0b66a11a7011ff8798bb9a2f5e511981f8064f;1,000;No
0x5281920e9b2554b6ff9888d1cbaa7f3adb866b5d;1,000;No
0x78cd406ae1e4cf136eca4801c211b71802a8809c;1,000;No
0xe24c737fc6d8d5cf363ae214be45e1e8d79bce61;1,000;No
0xc0fde38072f24912e54a2623321f91a4c9fe72b4;1,000;No
0xc1915c2c741f46bc8cdb4cd8f4848807bb3819bf;1,000;No
0xdea15d0eb5e8e9facff4dbdff332560e794920a3;1,000;No
0x0dc829680cc4e9cdcefc28f0b5bfa8c7eef71668;1,000;No
0x6339fa6781752dbea3c7f00d8319f4981cd01f23;1,000;No
0xd8b909dc4898c9bcb93567921f398f1c85bc8d6f;1,000;No
0x62a4390fa698b0dd89dd51251573823e54cbe7d5;1,000;No
0xdb73660db5192ab73d5273d8cef86df4d949dc55;1,000;No
0x16f38165d0f4b1546a8b132334a0d018794f3141;1,000;No
0x777f4ce7b5eeba78a5ec0ad8e1f514e1edebf12f;1,000;No
0x0c5e16a985bf244de6b4e0790707554ee30c0572;1,000;No
0xd468dd49072f9353f6c028baeab1699d5071c816;1,000;No
0xee7c2482d9db5f4507fd3795505244796d5c3177;1,000;No
0xa86f4a5a22461f7fed449dc16b07d81e1d7e8ba8;1,000;No
0x39f5bf97bf79a3895e2365bc9edc68e57388e005;1,000;No
0x09481909a2f2403ee492e7cdd472a2437fa1bf15;1,000;No
0x6ffc58945150ae26162dd791bb4d6e7afc0234ed;1,000;No
0x81627a15d609c3f7a81dd45272f2d3b38ded3cdb;1,000;No
0x36159361ce355e6a4c22e3cb57a3bfdc4632d323;1,000;No
0x08b211868e9378a3f6204c120c0f74a16d392e39;1,000;No
0xd465a1fe4b440d53a77442fd1c45f556886d22a5;1,000;No
0xc6aa32da1aca8fba6c644b7772db55c2df0428bf;1,000;No
0x21ffb7febb1f2609a0c74b41bea85ce9b83fe3f3;1,000;No
0xdc744656852b5ffed05b51996673838af9cfa44c;1,000;No
0xb63b4724b9896767f8a9a56f5277b0737918b4a2;1,000;No
0xf68e17a964fe5d0e3905e4739005f5241240190d;1,000;No
0x1339a8045cf6a7bca293a23285d1b50c7ff739d9;1,000;No
0x863b4dc2680adbbb9c80d426494dd1dafb10011b;1,000;No
0x1a2844af8b9569a3e3ee1a06cbc11125414d8e1e;1,000;No
0xb1f2957b2cd62bca9971da0a0cc6206866cb1de5;1,000;No
0x19286b840859cea35425ba39dfdbbffb509cc302;1,000;No
0xb03ba50a7f6e805b1fa02070d8df1653889814a8;1,000;No
0xc3362cdf42cdfbc2ffe9ad7dfa1f4930e21710c7;1,000;No
0xaba53ad7403f59ad1ca8e6b60541a04c69fd7f22;1,000;No
0x18b438d670c5dd85c8cf9b0f8f3c6048e48cb484;1,000;No
0x04f8f8c50f33f3f1be74a14a6675b2017b6fea90;1,000;No
0x72fd23695e7497bdf97bfe33727a7130cbe5d39c;1,000;No
0xb159bd3b7860295e8f35a9468d0025c7182dbde4;1,000;No
0x0fc75b45d19888d7fbdcb5cbc5f43ca8e01308c8;1,000;No
0x697eb847449d7369a33e989c8eabc897f9a0bd98;1,000;No
0x43b1373c121dd82b0a63efccff9e6cfb38c8614b;1,000;No
0xb5bba76739b5c0a099248b0d43de1f56c420b58e;1,000;No
0x08deabb65c151618cca4c1ab61d00df5ec2fc365;1,000;No
0x170dd6883cedf709e4cad66a5505e771fb087455;1,000;No
0x89c38673b40b21c79ac791b6ad5fa8dab31930ff;1,000;No
0x917c4898f8d50928c4088a00243c949384996a48;1,000;No
0x899e8a2ba07605ee93d0490aabd790420d8ea0ff;1,000;No
0x0818eb9f21a3a4bc314410e226d1e93b3adcfa71;1,000;No
0x40e0f351b704604bb341177b82a2b90e1312e6ed;1,000;No
0xf5fcb283659d618a681990186bf70ca8eaf4b5bd;1,000;No
0x3d5a263fcd145e3d4426ba9510818a91239cd49a;1,000;No
0x8406287016f522f8490865448deaaa9f289534a7;1,000;No
0xe4a5ed2c0ee6fc60f408238edf828ba3c2ddea14;1,000;No
0x4bae90066fbb1e5d86d25e8af20e59ea58063025;1,000;No
0x625cc4ee98fc518763140bd45a5aa406f3a2efcb;1,000;No
0xa98fd851e1955fb0b7ef30baa0d4775ade85f78e;1,000;No
0xaa1a053a7a3f1d88388fadfbe8be699912104111;1,000;No
0x714f52197247af7865b3c2ebfd70847c4e1d53d3;1,000;No
0x6ce259bce231cf1f8ff7f9b961c19bd1b9030e2d;1,000;No
0x2394a916bb0592ef7d452d3784b4441f83974bd9;1,000;No
0xe3d4625cbf3af667058b1ea00902c4c122f6cb5e;1,000;No
0xe1faf209757c36085e1aac5591c0109dbf6baad7;1,000;No
0x4a3461eb38671e7db271a413e2ac84b1dd46d742;1,000;No
0x36bc1e46257a93e753a8e81a507922e0198a8b93;1,000;No
0x1d0fb34be5d8057a8e02f606bf076213737a6916;1,000;No
0x2c335961953d61fc4b1633e3efd5e930043f8c5f;1,000;No
0x5d992b96636a36615e8c8b22f6353b55e1243889;1,000;No
0xef88519bdf1930c33e87be46af8e9f9def55d0f2;1,000;No
0xc6fcb2780a9a4f5cafd47e8b66b5866e42441516;1,000;No
0x11f898a736f53cc92becaf85c43a71ec22b5a24a;1,000;No
0x6cc36f763d8467eee74f6b165ed754ec00415441;1,000;No
0x8046860b54f56544aef55f5d4d03a9db05bf641f;1,000;No
0x300d840591a6b962019b94d845f55bb7ea961df4;1,000;No
0xf4028ba3bac5d6a4ece78cd6e9965815628d80a1;1,000;No
0x2afe2f94fa5b5ddfdcb1c7795ac58644e9f58ceb;1,000;No
0xbd092716321ea55c290ce5126ddbe15ef5bbb3e8;1,000;No
0x76397c7de7c6a852f2b7aa39b2ee5fb4151c7b79;1,000;No
0xf2f8c7afbf1962cc7ce8ceed2ffd847947a14ca6;1,000;No
0xf11abded4be781663d32703a981efc1b67af66cf;1,000;No
0xfec7ced1afcdd30e5296867632a99b2ff60ab080;1,000;No
0x30a770cb14adad018ff22fb95053bc27f0dff993;1,000;No
0xa1d91d9b37a22049630264b1892f33cf94ae33b1;1,000;No
0x144d5ad07e0a6a62cf92d240bf6bc435e6f2378a;1,000;No
0xf70540f2db9fe8ba54fb83e60c710a5f927cdb87;1,000;No
0xfa2584a45e5e364c14e9863d655fa3258384d9d8;1,000;No
0x4292f498311591b1dde71133e3ca1180708dc85e;1,000;No
0x2440d55b9bf85730511a585e4a0d8d55464c00eb;1,000;No
0x2ef31b1c5c214ee9e8c6c203960fa014eb15b753;1,000;No
0x635a9346968b271190dc78e5aab7fff0ed5b01df;1,000;No
0x99989988994491ecc17d287a2dd897254436286c;1,000;No
0x93683da2d25dcf68631e9ee57fe0bf8d15e3d9a4;1,000;No
0x1e247d1becc4e8876cd65338b4433f1655f28ba3;1,000;No
0x2ad2ea1f414fc5dcbe470053f418ca1655a74b04;987.04905;No
0x084315ba3014b2f389b8623a19ae68f39a84283e;951;No
0xbfbdee2d850a53ba8782f47b167be84aa4830552;950;No
0x6e2296fa942c4077f8e28fd9fd7a2fbc9e03d012;950;No
0xfa0ab491db56c02f3ea0a2eda075be5f09016d20;938.457453202052783302;No
0x19919e3621abecf881fd537b97380d575cc867e3;915.477982346748126732;No
0xf650125f60c06372b8c4112c61d2e8e4cb20dab6;875.627952705099101477;No
0x645ddc108e35fe3fcf18b023db444f6db98bddb7;860.023496114741276672;No
0xa82fcbc0e34b57f122180ef9c803c6c8c5574357;843.187724400500871038;No
0xe9b1b1bf1fc99571fb042645ad59fe4a6668c2e7;834.458791127709288586;No
0xa159b07155184ada0edb5b054af4f88d68c7a1d8;833.155243010327668001;No
0xb95dcf4117fb58ba541279461d459469f8bf31e0;801.437306873744110988;No
0xfe9e4ee7bed1e8e861ca136566f481c6730b9108;800;No
0x9692c2346574be34df0539b7aaff1aa5a6df6d0c;767.02;No
0x7709ce9a23c1f50f2ef3f12ba6551fce87c6aaf0;756.21;No
0xaa9990009806fea03cfc76a0ad40013af015bc87;735.839676095338526749;No
0x269b1673a29cb657ac70cd4be9e1fc956a59f89f;734.753549779737080951;No
0xe4e993b3c314315a3efa4015f685ce972691d584;730.536054630882437335;No
0xa7eebc5d337f9f489522dbd1d14b6742dc7adc7e;698.338923589661706562;No
0x7aa1b151ba157399e1863ccd60c3cbe7d01f582d;698.191172101618601178;No
0xc9e686e6c9ff93b00889a3e407406f6e03b32943;671.411960877545825895;No
0x1b2f7ddf3bd760e8c88784e08c35bbe52be97961;661.434884572374566328;No
0x920bfa8e6c402398f051ad6269e24f52b6d1f102;635.639594938206333505;No
0x3729cf746cd00241691e9dcc2288ab6dfb8dd332;624.131796975716628756;No
0xf9c666947bee75fe7098f275b917988185db3680;590.320908469639347859;No
0x4a849e1dcfc46331e7ede0bf3835a43d630aea43;585.656147819483011906;No
0x8b7f5b7b2c1078826e608e64ddb2757906e55e6e;576.336327745693621762;No
0xa6c7e3be15ed5ebe4182f39965fa6827cc12cf93;546;No
0x6ef7867fca24c0e5676f9b60c578e9ceab8b4807;540.315214296141784207;No
0x540a6c050cc5cbcab5cae7100ce0eaca43574934;529.045135358109238187;No
0x3222c1030492c2d9132a9cd5fed9022c249d2898;522;No
0x0a2f56dc23fcae701ce2884fb1612c33559b471c;522;No
0x7a62aa6b8a94c1f772e03246cfd2da6874d65fbd;519;No
0x1547a68b13107e4d4a081c8d7d9a6de47218e7ca;519;No
0xa8c4d3e0bfd9c0fbfcba1fb5c6950b7a4e73bfec;514;No
0x1db08f8128e7db53ccea711f7a416c4a860cd1af;506;No
0x0b1e87026b01d2fa391ac8452d3c7a12721945dc;505;No
0x767865ecccecaaf1830a4bb1bfd564a44b29195e;477;No
0x8c6a049a585bb3848847591391dc9df7eec65589;464.5509603395223897;No
0x0f0d57978aefa7131cf0366468765cf71e5c6810;464.361578226827182001;No
0x2647c5c2654e8557b7a4aa9759ae82ae978085f7;460;No
0x67842727fd86758a5fb94f2d2aa34e3b8b9da179;456;No
0x512da9e500a88d3347e9c921a5c5bce4d714f640;455;No
0xc53a936c6e1058903ecf508044dddd2ffc9b526d;455;No
0x38ca71eaa93fe350796be0bc681d72401a24ee2a;434;No
0x461903027cb27cd0821b33aa3523c489239588cb;432;No
0x54871aa60ab16cd471b8807c111e951474617e12;427;No
0x72be63f1e524cc62fd3e6dfd95956acaa84eba0d;424;No
0x1db3439a222c519ab44bb1144fc28167b4fa6ee6;420;No
0xf4b6595fe376efb593972a11286874c00fcf1461;403;No
0x3ccf37e9e350126c4a2306847388d7b91eb46d93;399;No
0x8008949213b4d524336135a2789395caa89d2fff;394.607073802802194717;No
0x88ff00f929bf041b4e354fc3eac73101170aeab6;391.3;No
0xa2f49ab72627f795e8646c0415506c2934d87dc3;388.874749748238182417;No
0x769ae86ce951d44480009873c007bfab94e49786;387;No
0x7b6a497461361a3c710ebe2b5c2e64999be42e9a;380;No
0x208c2d2094f72b2a77b210856683c4ea61f59cd6;380;No
0x5984bf854d3c2d94ce5b1cb9a177adb341580547;380;No
0xa435861da6f11dac235e68843fc94d645e4652df;380;No
0x4a6ca90fc9d8fbcf983df790f95a4fd662c82eb9;366.173363813672241338;No
0x6239dc0327d6f52ec48c9c0f4ac4cd01976a8a0e;351.900592674939321825;No
0x9dea752f67e2dc443a18633dcee31c9596ca9882;332.902808636302525365;No
0x70ed7b93855d243a3a878ac00400e7624b34837d;316.857555382984466147;No
0xcc7157f263c2b5e1fa10778134fbc1995d712789;295.261792397494740454;No
0xd5393e388b5f4d02a741a1e63fc41bab8ab4cae5;291.692848217438617173;No
0xff952562beb5eee3dc92a24e7923d1b8e79e82c8;287.481964086068833695;No
0x115ab48cdc1e26f0ca99c6816b704cae2df0c172;278.353889688461695045;No
0xdef17656d4e7579825e8578257651a50e9dd215f;273;No
0x643083aee37c9ce56507773da58712d8dc110c5c;265.580190209698592282;No
0x9a0cf78d71cd86c1081e3b460a9376eb5672e5b3;252.705041738512686426;No
0x4a352a981c265710272b133bf97da8141eec3b76;236;No
0x32faadd662e8ee418c7c77cec26fedb837889488;236;No
0xd669f41f25ca74271d3698546a580064126924fe;236;No
0x1ad1ca8c0df84ff400a05bad594809c4d90e287b;235;No
0xef2a2ebb37d4d39a31e181c3b4d1a31e3f2cce08;234;No
0x36237f67d188b4f7f9eb4b05a9a70247a1a74f61;229.232160065114077714;No
0x2c72d95f79a501896044cdf160a5a771deb17691;229.196766938941514436;No
0xc13f4d0064ba414d04100248f18681ab144f2789;219.968317672155777979;No
0xfb9c0016eae487a384f76fb82b40979945de64ae;211.09453709796279087;No
0x4dccd2bfec01396b308edb331796edd4684c10ba;200;No
0x8b556eddb6848db73c28d85f50c46f83c14f4150;200;No
0x25e263d5ca12880ff5fb453fdbc278bcb34243f8;200;No
0xdf6b160f628423d632e5e797519ec677f239b2a4;200;No
0xb65b772735680864b3f862ca5184c04b24f2fab8;200;No
0x0b5fe588e5738a0bb9df4491a1529256d6a11c1b;200;No
0x157635bfc5d6ca4441ee3c08f221664694a6c898;200;No
0x0fa9725e58a840f1cabf2468f6ed8ee26b38d7bc;200;No
0x79901df00c8d0f2c796259972b0c9fddb4053516;200;No
0x5edf508a71409612a111b03df8f270144fabfb30;200;No
0xff7537fa761c867af8027c24888239538201463c;200;No
0xaf9e06e9b621e8be75bc2235f46351adf2e6d37f;200;No
0x32ee173d9f2688018ec51aea96eb94b4df8d1bcd;200;No
0x076429feee267f28c620b97418463550fae5ca5d;200;No
0xb2077827f69d346eac963e2eb4f25bcc6be8907f;200;No
0xeed23320b9a13ee86ed142797427994da818d13d;199;No
0x3bfa0ab29d703ac7129677bc2650c925b7e82639;199;No
0x9589cc3f10b0f1310ed1e587ba0913806459c5b3;199;No
0x06ab356641c18781d6656d0d6e37febb93119280;199;No
0x092c3b9bbe388c1c27ab2431354649aa470bae6d;198;No
0xe38518bbb56fdff717fdb2014716748cf2196ea2;198;No
0x8090aa44be2f04f2b49f343d2b2035c99ab298b7;198;No
0x0cb920fec58a3a86ec29d85adb27eaf844e48ef4;198;No
0x52e3bb75abb6e81c1453cc448141ecf34cb9d047;197;No
0xdb0b4c974b25221fddf8c6d50e1b972b99916e7c;197;No
0x54f3540744639d769e8e57947e9279c93fb7046e;197;No
0xf03c5da229890ae91df894e99992cfe255766fe7;196.43693329562948028;No
0xf355ace4250e8829d1cfa918a5e03e9aeb7bb08e;196.25501753115972573;No
0x29c6f776f29c73d426792b9af47f9f1aaca10dc4;196;No
0xd6672713c9f3e489c817552028d04d24d96d2822;196;No
0x4303a18c8f118f8c19190db54761fbdd3614926c;196;No
0x0661f3f9382d3d8c7badc2dbb0eb7292e4da56a9;196;No
0x3fc0a554d6a6e2c00fd334902833815febc6a1a3;196;No
0x0f4ca5166c9c53600872dc47d065830b0fda7ebb;196;No
0xc22d79f70a7cea63e86ceb9690d706e8c5b98f26;195;No
0xdf27af2ba00c1f7a02cd37b6f92244113581e670;195;No
0x9e881d25c693c3929478db68df2bf05cfdd8b431;195;No
0x8786eeca436441080b597f0fc1cd10528d5aee40;194;No
0x47a7c53d809f26ee6c2e38597687f58a25675471;194;No
0xfe59d8f985203be8052bddc8da4e67bff0089483;194;No
0x40488bd5afa02e7cd49c731d1bd47d9d54d9ee03;194;No
0xea8887a2b16d1a783da5e6947d05217a54d5e2b6;193;No
0x3a3902ec669e8a68c3659321534c9372d1a6c5d6;193;No
0x9b6e1f9def76ccdea2d84816dab9643a5a081fa1;193;No
0x29b5104913e9ac8d718b7c73f67125b1360080ea;193;No
0x3affba5b5abccfdc49edf523e3d9e7468cb697ad;193;No
0xa87d4169f5766be644a2a6932f3c6cdb7b5bfa3d;193;No
0x704da97b2fdf27c7eebfbe2191024b9fd0185140;193;No
0x0f7a4e79017ba41e9a8447624d2640f84ace8778;192;No
0xe2eebb8be6ec191129ef7aba5716dc66c935b90d;192;No
0xb671f22cfff31ed882c202106f06ecb4faf8cd29;192;No
0x092a4be6aa5f4cc2079e8e9d876d27f244773159;190.136677167076289725;No
0x4bc346f9c4a3b1a9ad01d02eaf60a9694c9d5d19;180.763284074768483273;No
0xc05efe3958b48fc159d23700899c90e174bfb8b0;175.191700914368438457;No
0xf990781573879616f2b447541e20a9ff9415ad33;174.178305849639074012;No
0x0e192cd3669771352920b80fb50b284ca054e9c3;173.026170972991830336;No
0x0516b3f4021f7813b1f4fd9d367a1fc22701451c;167.762908863216466935;No
0x2903668ee5012559ca48f6ce21125775efbddebf;165.438303044462300696;No
0xa6121f99749f855e03b08ba8c86cf53601a8cac5;161.844978493899250234;No
0x9a355f38a82848a1b30677892cd6b7ba00b49757;155.869637789193990933;No
0x030f47dd7c0e8a21667371d064794e415810fad5;150.036019823702899019;No
0x265ff05e7524d728398d74df10bf529fad65f242;143.941153181711543006;No
0x2c63b6b9c182c7c90e2347626be9064f29fd26c5;136;No
0x4265b5884507a0f1c46a01f51a7689a42eeb45e8;135;No
0x6a7164ab1e1fa18807cf7407b434ef689139af9c;128.686570537441964461;No
0x5cacc9243724cfe12d85786e3b02badb22a1e653;124.681225984558614681;No
0xb32195f97852a2611071cb7869f15a2f07148110;122.606164391988981941;No
0x389dfcd9d9ead946bf2ce5c0f7a9ccdac8988ef3;122.378864117050048468;No
0x08f660b846a2dbf24e9873298320d0a22bb5a67c;120;No
0xb8f948dbd551090e83a83a77282234684b39e6d5;118.94125437110060799;No
0x045c20886abed32b457d85b96d4f9afb13d38590;118.545955015400899067;No
0x8a3477af6a6c0d42eb0ee207b0e2ad65a41481af;111;No
0x6b187817a6ac38f8ff7837c01c677cbe980e7b53;110.148714056018739764;No
0x82b3b3fffd8680967305debf1816fe49b090670d;110;No
0xdeb209b94dfd57fad6793dbd1e6553cba9acc618;106;No
0xed65ad3fab950ad4a2a208cc8d72c65fac12584b;105.724257706673994973;No
0x840166a509f51605c16bf847e4896b3dde875fa0;105.640948875256153437;No
0x8e237d90abd3d2c10ec051dca9eaee3e1de4487f;105;No
0x3008b434dd39ace0f3e513c245698991ab47c962;104;No
0xe4693cc44a84cdc6185e359c93c0046c2eb52708;102.426561253060450255;No
0x889cd7ec4cab528144e27d5bcf72f41beb362611;102.134378408846386682;No
0xa50b79ab6289c66c3a8efb81f06b04f2ba2851d6;101.843444527328645431;No
0x7786b315fd8b33a203804f78176e5fe7e312be6b;101.553752498752526027;No
0x4db8accbf2610b60097beddad8c5a548ca9d9334;101.265295263888301242;No
0x4dc44eb14208d7037980fd5e0c0aa2d0f433db1d;101;No
0xeea402689a03ecf66e36fb702c01e698036fe1d1;100.978065813600930447;No
0xaa8f96402746c9b4773474482d5780c1be536d50;100.692057188424042306;No
0x42527ab2d987fcad77af1a96e89a1a4cfc82c8f9;100.407262478138138558;No
0xc233e4e8803806018a013fda3cd1394cab32a065;100.337871670967749502;No
0x5b2f9544e5d08d5e3d3e60d1893a26faf9cc3d01;100.123674821352971095;No
0x4c242f0f494fd26adf7450fbb368e28591e620fa;100;No
0x2a292db56717108990a82c4290bd5df6dcaae78f;100;No
0xb4e2fe887b4905b7ffa4cb775b2b0a4cd804e36b;100;No
0xeca0614d8bc7379ed453a352c7e46afed470dabe;100;No
0x0fb0e869d89327819ab1e43cd2b0786fb9209b61;100;No
0xd2e8e93b056959e08a3c01f383646b43a027e86f;100;No
0xe8cedf0704a35f7e442bf0f8a64008bc74578c9b;100;No
0xd266d61ac22c2a2ac2dd832e79c14ea152c998d6;100;No
0xcf11714ab7e5449448f3e748e14c65d2cab6d320;100;No
0xbd1912d6bd012671cf15d70c74333f33f134afd6;100;No
0x93774b153f8514d26f22af5059015e645fd12640;100;No
0x1a62c9d1746de9fd9d449e80ddbb8a67d2a72a94;100;No
0xf6b28736e62194ce7600143a69d0cb239bbbf49a;100;No
0x402729a7052ef98550151da55de7b9b156e28eb6;100;No
0x49c376e7f96321995e96c7ddb909d7a02d171835;100;No
0xb3dc897a9b25569b40167a3658119c5f323016e6;99.841287405094045225;No
0x649dbc0680715537cf63f7a2510ffc696a5d30f7;99.698417557144176896;No
0x79014c259d282a82ec5757935fb19555fca8ba4f;99.560093464393202594;No
0xe523634368d96d7a2498901131763f74a23842c2;99.280086281883237853;No
0x0a58c37227ef95b9791b869a5e0190be7d1509d6;99.001259187396503653;No
0x327f1fe4e652acdf1e79be2f534b6ffefb5af85d;98.723605557567459247;No
0x7577749d70d79f18d1a474e23bc23e41e8dba299;98.447118815439118448;No
0xc3251326c8d68f1aaf7629aa2526faf28cf31353;94;No
0xb145975ddc421b0da624aa419369b4563deb4f05;94;No
0xeda76e93e4b4a6e407cc6fce3999262398e4eb02;93;No
0x0135584d62b9c0167892e7bebfff8f8c694dd596;92;No
0xdd1c7ec3a3e883ffba7823f2b0532a1e913319f8;86.596661590478932307;No
0xc99617981ace19bc42d1b6aca94693ec723d9a4e;77.376048186763134945;No
0x7afdb5548678c60019675b71194c2a5645eaec0d;75;No
0xd4dded0f0ce4e673d3250d3648d456c9bbe78ca7;75;No
0x60b71d2647e5bf66364542f40386c54ac2598dee;74;No
0x55472653e0d5b68ddb30e0bc8fa0d1f0533ed7bc;73;No
0x23ced754a80fcfff09c84491897dd4324177ec81;70;No
0x7b5ba8f1ba969e9db84c3104bd7ff327cf7120f2;70;No
0xe7c82a85cb92c8df8cc02f53124f45fbeb8b989c;69.358961158052842144;No
0x6323ee37c98e3a317d36198deaeedeff126deb7d;69;No
0x54f5f1523e06af65ca11cb0e7854ef6c048766ef;69;No
0x10fd59e2217cce647553a51a4cb48cf793394005;67;No
0x7df05f3665070f637a7807614e9ad3807a5b4a49;67;No
0x8ebb5975ede056558934ad3f505a575c5511d3f9;65;No
0xc3f3cabc7647086c364846c71159bf5f6f572e18;64.977350721952778547;No
0x737cd347fbdad36fd257aa38896691528a4dabf5;62.809968924699629213;No
0x4aa0081350bf1fd7baebd53bcb42e6e2563d29d3;60.831300118939002023;No
0xdfe6af2106d8d496979c3c8efc810b1617dc63d8;59.246635611391965394;No
0xd8d4540c78d43c5189c6da165b178fe3ef2120de;59.169924576126140784;No
0xa0f63b2476eab839a27867a49bb813336d9b179b;56.019242326806332741;No
0xc8554ab74cab274937abb112462034c02517d00f;55.396982132720978667;No
0xa2761ac06e1951d46d9b45f4ada1235518afa6ba;54.951047445850432645;No
0xa9c6e237159fcddee6967d1eb264fa0aadcf524d;52.424111584265389845;No
0x3ed46cb0582b83ebc79db87f5c1c8743e3f43932;51.78265725470050758;No
0x53ec0705e2cbf2d054d3af454f136c3baacb1ddc;50.679354914872490473;No
0x70ec096dc7b028f2c60e599d10b24cecacef3e1e;49.532706574425766776;No
0xaa75e5514e400f815ee451fcaf45cf82456f4740;49.013480133742092828;No
0x28c4c1baa63974ee2d458125503285c8a35da6ba;48.722934813595417083;No
0xed6c2de3862ae5ee95a0433d636f35fac3773208;45.219387443916992008;No
0x8acc9b47ca258acf85b733314f0d5e287179b19d;42;No
0x8bbd0d77d8775c6c67d6585d79f65cb67dc01496;40.95;No
0xa7f3e46065128774e389bb8a16294ca18a0e0151;36.475547095612546949;No
0x34334cfecea4811e73dcd6b52c65ed9751ee06ce;33.590295762056805284;No
0xc26fb1be8f443eaf52f42f816e43964ce1640855;33.144304623839227065;No
0x5623874f757eb028aaf96bdf6cf05ac1d7c35cbf;31.928631278737523744;No
0x26727a99b70949fe7d169426bc38ac8332ba7448;31.402816819317801348;No
0xd65f3020156002f4a307b4d19f94d5bc368da962;26.924951611173266679;No
0x74e6432e1ee0008eed7978738476b0b473e1f965;24.817088682485415315;No
0xddfec6ea0d314de1eaf256108bdce0918f58ba68;24.151766615934405101;No
0xa4a15aac67506f0ef4187490445128ae77b4db1e;23.321791410026983387;No
0x299af0ee1a66efc895b87d65eb07b470a245de4e;23.086774212714168087;No
0x33c2a45d7d76b89c56e43b5b6dca2289814c9bd6;20.261213248943513325;No
0x0e5f3ca55fa6228d3475f6a6ed6ab15e13f9395a;20.105282892601778114;No
0x7799d4cdbb8882f3b7eaf95f659549cfc8ee99f2;17.947289296411816933;No
0x8172913efa3f77f76f3f4ac51486f1e8a2f98a80;17.099187507412596559;No
0x7ca23c7a864c6034081f0ed6e4163ee2ef59f224;11.279114982485971616;No
0xe1eeee22ef2e3084d5f6e57e80ae913ae3f807a6;10;No
0xdf3bdd185f56720468580650c075170ef52ecaac;9.061137294485950757;No
0xcc09837089c2bef056b65919a90518f166cf952d;8.697325348001927011;No
0x1ea19f34d6a11ea5e73133d781e76cc4011a05e6;5.718755970070785777;No
0xf760419bd12e466d15e0f572b3dc7c7fa2e920b6;4.595187724877895723;No
0x4693a216d81a00c9fb9dba9d65413075a4a9f2fa;3.571090745107457869;No
0x9272c8d471fba9e43fd82043fd24ed0d510299f3;2.678968091297017481;No
0x94d34c41c19ed1b1552572b682bab476758260a0;2.631681570937247907;No
0xfc88c0027fb778bb1ad1b3889b101a59ae596ee0;2.155535274499778893;No
0x0af197f4d398066137e5dd27bcb3537f18be9c4a;2;No
0xdaaadb53b9c8306f90f5b8c6d911cde5141a37e7;2;No
0x62faed54fac0349c68a1a498fd8f7a1ff71077d5;1.94544156175149702;No
0xf243a62d1248da7b0f95241e57b18b8c55900c7a;1.734956024469447073;No
0x9ab3ee0fb263ea76e7fb75bcf10dd9585ed706b5;1.067001552715428533;No
0x113c06b3a6690178b0f2214c6765fcec4491c0d7;0.790597130963739126;No
0x910d31bd9f9aed2af7a7d59b2e0282d2b8ee56b4;0.724794794229936705;No
0xe02a1fa36613e54212506aa7767d31bfb662ef02;0.64;No
0x37d24b706a66bb67b6de224e65cfc4b1304c3db4;0.620717120057688087;No
0x4a6505564abb27f5c1228757d75a78376db9104f;0.600085;No
0x8be1ae7e0e8f4f0d007e0e154d8b12532b1d910a;0.54;No
0xf3b9b143c29dff342350f164a93d8a9d8fa72b37;455;No
0xcdee26002ebd23ac58b51f2b1f59f809ed5a856b;0.3987421781826432;No
0x5a3f2754ae138b473b47ce1a01c44ae8aca158ee;0.12142107418684841;No
0xab61c8eb2a2d000c966fa93bff2a516b8b0919d1;0.1;No
0x01fe17a5d98f1dc346f9493a0632fbea50d63a14;0.05;No
0x37c836ab0f63dd2e9b1b3b2ee3d29e975d003ad4;0.045819575892703265;No
0x908c28fa40d204561e7fe18cf8d4c2037298d829;0.02;No
0xc42283d294ed50e0e6e4594b6a9d3a86844eed7d;0.000759782918845354;No
0x3cfcb8cfafe50d423d1094d13166271165b64881;0.000143429278521855;No
0xbe51bd2e086121aafb82bd94fd2a3d5be3efdc90;0.0000110410459364;No
0x2c35b6e76bba7fa068843319fb3642cd99043cef;0.000000100000886986;No
0x0000000000cc1ffb95df1486af6dacb26d6d1af0;0.000000000000000001;No
0x0000000000dba7f30ba877d1d66e5324858b1278;0.000000000000000001;No
0xf07f14eb3b375ca3e0103e74913d390e30399373;0.000000000000000001;No
0x0000000000016a723d0d576df7dc79ec149ac760;0.000000000000000001;No